FirstName,LastName,Email,Mobile,Gender,Status,Profile,Location,CreateDate,UpdateDate
Nitesh,kumar,Niteshkumar@gmail.com,8076197220,M,Active,image-1697360900836.wallpaperflare.com_wallpaper.jpg,Delhi,"October 15th 2023, 2:38:20 pm","October 15th 2023, 5:09:05 pm"
Dimple,Gautam,DimpleGautam@gmail.com,9078765443,F,Active,image-1697361195865.wallpaperflare.com_wallpaper (2).jpg,Delhi,"October 15th 2023, 2:43:15 pm","October 15th 2023, 5:09:10 pm"
Neeraj,kumar,Neeraj@gmail.com,9847387469,M,Inactive,image-1697437951321.wallpaperflare.com_wallpaper (3).jpg,Delhi,"October 16th 2023, 12:02:31 pm",-
Priya,sing,Priya@gmail.com,0987465860,F,InActive,image-1697441919357.wallpaperflare.com_wallpaper (2).jpg,pune,"October 16th 2023, 1:08:39 pm",-
Neha,sing,Neha@gmail.com,9078562458,F,InActive,image-1697455363461.wallpaperflare.com_wallpaper (2).jpg,Delhi,"October 16th 2023, 4:52:43 pm",-
Suraj,kumar,Suraj@gmail.com,8039485736,M,Active,image-1697460916192.wallpaperflare.com_wallpaper (1).jpg,pune,"October 16th 2023, 6:25:16 pm",-
Muskan,sing,Muskan@gmail.com,8589394802,F,Active,image-1697473945235.wallpaperflare.com_wallpaper (2).jpg,Punjab,"October 16th 2023, 10:02:25 pm",-
Soniya,Gandhi,Soniya@gmail.com,8939485903,F,InActive,image-1697474172496.woman_4140047.png,Rajasthan,"October 16th 2023, 10:06:12 pm",-
Ritik,kumar,Ritik@gmail.com,9085945893,F,Active,image-1697474226584.man_4140048.png,Mumbai,"October 16th 2023, 10:07:06 pm",-
Jerad,McRobbie,jmcrobbie0@sphinn.com,9084593849,M,Inactive,image-1697481311183.man_4140048.png,Afanas’yeva,"October 15th 2023, 12:00:00 AM","October 17th 2023, 12:05:11 am"
Eduino,Punton,epunton1@dailymail.co.uk,9059485956,M,Active,image-1697481347501.man_4140061.png,Ciodeng,"October 15th 2023, 12:00:00 AM","October 17th 2023, 12:05:47 am"
Taffy,Stang-Gjertsen,tstanggjertsen2@ifeng.com,8958945839,F,Inactive,image-1697481374171.alison-wang-mou0S7ViElQ-unsplash.jpg,Khafizan,"October 15th 2023, 12:00:00 AM","October 17th 2023, 12:06:14 am"
Richmond,Niave,rniave3@dyndns.org,310-828-9615,M,Inactive,Vestibulum.ppt,Jönköping,"October 15th 2023, 12:00:00 AM",-
Sig,Langfat,slangfat4@wikimedia.org,986-820-8823,M,Active,DiamVitaeQuam.gif,Lidong,"October 15th 2023, 12:00:00 AM",-
Portia,Gilfether,pgilfether5@shinystat.com,631-709-5627,F,Inactive,OrciPedeVenenatis.tiff,Emiliano Zapata,"October 15th 2023, 12:00:00 AM",-
Millisent,Bonafant,mbonafant6@sohu.com,280-643-6452,F,Inactive,PellentesqueQuisquePorta.ppt,Longxian,"October 15th 2023, 12:00:00 AM",-
Stanton,Skevington,sskevington7@github.com,485-497-3945,M,Inactive,Augue.pdf,Ljubešćica,"October 15th 2023, 12:00:00 AM",-
Jacquette,Bassom,jbassom8@unesco.org,612-198-1051,F,Active,FelisFuscePosuere.mp3,Ozamiz City,"October 15th 2023, 12:00:00 AM",-
Bent,De Bischop,bdebischop9@elegantthemes.com,227-693-2425,M,Active,Orci.xls,Banjar Batuaji Kaja,"October 15th 2023, 12:00:00 AM",-
Nate,Chittleburgh,nchittleburgha@guardian.co.uk,795-146-3844,M,Inactive,TortorRisus.ppt,Dongning,"October 15th 2023, 12:00:00 AM",-
Gerri,Beverley,gbeverleyb@mashable.com,176-917-1423,F,Inactive,EuSapienCursus.avi,Zizhao,"October 15th 2023, 12:00:00 AM",-
Whittaker,Tennet,wtennetc@indiatimes.com,695-283-8507,M,Inactive,Enim.avi,Ancol,"October 15th 2023, 12:00:00 AM",-
Eolanda,Ogborn,eogbornd@creativecommons.org,619-376-3599,F,Inactive,PlaceratPraesent.xls,Dalaba,"October 15th 2023, 12:00:00 AM",-
Terence,Butters,tbutterse@free.fr,799-586-3294,M,Inactive,Ipsum.mp3,Naebugis,"October 15th 2023, 12:00:00 AM",-
Katlin,Jakuszewski,kjakuszewskif@mediafire.com,435-139-3724,F,Inactive,VestibulumAnte.png,Staroderevyankovskaya,"October 15th 2023, 12:00:00 AM",-
Tildi,Rennenbach,trennenbachg@vinaora.com,765-766-6292,F,Active,VolutpatErat.tiff,Salto,"October 15th 2023, 12:00:00 AM",-
Tiebout,Toland,ttolandh@npr.org,556-980-3391,M,Active,Morbi.mov,Châu Thành,"October 15th 2023, 12:00:00 AM",-
Tanhya,Drillingcourt,tdrillingcourti@bravesites.com,701-761-5787,F,Active,Morbi.mp3,Strzelce Krajeńskie,"October 15th 2023, 12:00:00 AM",-
Nolana,Aris,narisj@newsvine.com,340-396-2225,F,Active,Eu.ppt,Lazaro Cardenas,"October 15th 2023, 12:00:00 AM",-